{"bin": 0.5, "maxx": 15.0, "nbins": 30, "classes": ["AU", "CA", "CN", "IN", "UK", "US"], "overall_bins": [2, 262, 1407, 2204, 3166, 3789, 4069, 3865, 3478, 2420, 1617, 850, 430, 183, 80, 19, 14, 2, 0, 0, 0, 0, 1, 0, 0, 0, 0, 0, 0, 0, 379], "by_class_bins": {"AU": [1, 50, 267, 422, 568, 681, 697, 703, 564, 386, 217, 132, 70, 18, 10, 3, 3, 0, 0, 0, 0, 0, 0, 0, 0, 0, 0, 0, 0, 0, 33], "CA": [1, 52, 201, 390, 653, 814, 934, 886, 819, 518, 361, 170, 85, 42, 17, 3, 2, 0, 0, 0, 0, 0, 0, 0, 0, 0, 0, 0, 0, 0, 54], "CN": [0, 9, 40, 87, 90, 150, 142, 145, 166, 96, 94, 41, 20, 10, 5, 0, 1, 0, 0, 0, 0, 0, 0, 0, 0, 0, 0, 0, 0, 0, 74], "IN": [0, 50, 234, 343, 441, 530, 539, 520, 478, 334, 254, 136, 78, 35, 12, 4, 2, 0, 0, 0, 0, 0, 0, 0, 0, 0, 0, 0, 0, 0, 74], "UK": [0, 36, 279, 463, 697, 818, 876, 794, 720, 528, 331, 175, 82, 39, 19, 5, 4, 2, 0, 0, 0, 0, 1, 0, 0, 0, 0, 0, 0, 0, 64], "US": [0, 65, 386, 499, 717, 796, 881, 817, 731, 558, 360, 196, 95, 39, 17, 4, 2, 0, 0, 0, 0, 0, 0, 0, 0, 0, 0, 0, 0, 0, 80]}, "overall_stats": {"n": 28237, "mean": 3.6820362084499063, "p50": 3.4, "p90": 5.168583, "p95": 5.700042, "max": 57.965714}, "class_stats": {"AU": {"n": 4825, "mean": 3.423593651813472, "p50": 3.3, "p90": 5.0, "p95": 5.5999916, "max": 26.827755}, "CA": {"n": 6002, "mean": 3.6318905224925024, "p50": 3.4, "p90": 5.1, "p95": 5.6, "max": 32.600816}, "CN": {"n": 1170, "mean": 5.211906852991453, "p50": 3.7, "p90": 5.9, "p95": 23.106612099999996, "max": 47.777959}, "IN": {"n": 4064, "mean": 3.8230553282480315, "p50": 3.399958, "p90": 5.3, "p95": 6.0, "max": 57.965714}, "UK": {"n": 5933, "mean": 3.6107543709758976, "p50": 3.388, "p90": 5.1, "p95": 5.7, "max": 36.597551}, "US": {"n": 6243, "mean": 3.619217776229377, "p50": 3.376, "p90": 5.2, "p95": 5.7, "max": 41.195102}}}