class,count,mean,std,min,50%,90%,95%,max
AU,4825.0,3.423593651813472,1.99050841502008,0.4,3.3,5.0,5.5999916,26.827755
CA,6002.0,3.6318905224925024,2.180361549998567,0.4,3.4,5.1,5.6,32.600816
CN,1170.0,5.211906852991453,6.6596601041566466,0.6,3.7,5.9,23.106612099999996,47.777959
IN,4064.0,3.8230553282480315,3.6025982033914126,0.5,3.399958,5.3,6.0,57.965714
UK,5933.0,3.6107543709758976,2.430900158583656,0.6,3.388,5.1,5.7,36.597551
US,6243.0,3.619217776229377,2.667778074436773,0.5,3.376,5.2,5.7,41.195102
